id;equi_id;operadora;placa;cliente_id;modelo
1;807305869;ALGAR;GCK2E91;Vetorian;205
2;807305509;ALGAR;FVT1306;Vetorian;205
3;807169953;ALGAR;TES0002;Vetorian;203
4;807169962;ALGAR;TES0001;Vetorian;203
5;807304885;ALGAR;FZR5H66;José Moya;205
6;807304461;ALGAR;FUSCA78;Luis Claudio Gomes;205
7;200000002;ALGAR;TEL0001;Vetorian;208
8;807306683;ALGAR;CSN1B81;CSA Quality Solucoes Ambientais Ltda;5
9;807305047;ALGAR;DPL5G12;CSA Quality Solucoes Ambientais Ltda;5
10;807304912;ALGAR;GJL6B95;Toder Verpackung Embalagens LTDA;5
11;807304443;ALGAR;GHI2E27;Toder Verpackung Embalagens LTDA;5
12;807304428;ALGAR;GAW9I69;Toder Verpackung Embalagens LTDA;5
13;807305452;VIVO;FVD7G27;Sequencial Transportes;5
14;807385995;ALGAR;VET0002;Vetorian;96
15;807156147;VIVO;TGK0003;TAKAGAKI;206
16;807304419;ALGAR;IMP0008;Vetorian;203
17;807304872;ALGAR;SUZ0159;Vetorian;203
18;807304995;ALGAR;SUZ0160;Vetorian;203
19;807305508;ALGAR;SUZ0161;Vetorian;203
20;807304966;ALGAR;SUZ0164;Vetorian;203
21;807304430;ALGAR;SUZ0163;Vetorian;203
22;807304427;ALGAR;SUZ0162;Vetorian;203
23;807305882;ALGAR;SUZ0158;Vetorian;203
24;807306687;ALGAR;SUZ0143;Vetorian;203
25;807305009;ALGAR;SUZ0165;Vetorian;203
26;807169982;ALGAR;TES0003;Vetorian;203
27;807164838;ALGAR;QRF6H03;Suzano Mucuri;201
28;807169961;ALGAR;MTS5I53;Suzano Mucuri;201
29;511667943;ALGAR;HAR0002;Harano;5
30;807164799;ALGAR;SUZ0137;Suzano Mucuri;201
31;807169968;ALGAR;MSX8B06;Suzano Mucuri;201
32;807164803;ALGAR;ODN7G66;Suzano Mucuri;201
33;807169984;ALGAR;RBA5C91;Suzano Mucuri;201
34;807164798;ALGAR;PPN5H06;Suzano Mucuri;201
35;807169950;ALGAR;IMP0004;Vetorian;203
36;807169967;ALGAR;PJR9F85;Suzano Mucuri;201
37;807164802;ALGAR;SUZ0150;Vetorian;203
38;807164831;ALGAR;MSJ6635;Suzano Mucuri;201
39;807164801;ALGAR;PKH8D13;Suzano Mucuri;201
40;807164830;ALGAR;KQL7B57;Suzano Mucuri;201
41;807164800;ALGAR;NTX7E32;Suzano Mucuri;201
42;807164827;ALGAR;EPU0170;Suzano Mucuri;201
43;807164824;ALGAR;MRL1F12;Suzano Mucuri;201
44;807169946;ALGAR;MRL1F22;Suzano Mucuri;201
45;807164821;ALGAR;RBB9J96;Suzano Mucuri;201
46;807164796;ALGAR;ODL0B31;Suzano Mucuri;201
47;807170453;ALGAR;SUZ0141;Suzano Mucuri;201
48;807169971;ALGAR;OVJ7247;Suzano Mucuri;201
49;807169988;ALGAR;MRG9I43;Suzano Mucuri;201
50;807169954;ALGAR;SUZ0138;Suzano Mucuri;201
51;807169972;ALGAR;PPV8A19;Suzano Mucuri;201
52;807164841;ALGAR;MTA8375;Suzano Mucuri;201
53;807169976;ALGAR;PPB4D95;Suzano Mucuri;201
54;807170448;ALGAR;QRJ3H41;Suzano Mucuri;201
55;807169979;ALGAR;PPN5B64;Suzano Mucuri;201
56;807170447;ALGAR;QRH3A79;Suzano Mucuri;201
57;807169983;ALGAR;MTK2B86;Suzano Mucuri;201
58;807170450;ALGAR;AOE9J38;Suzano Mucuri;201
59;807164842;ALGAR;EHH8D05;Suzano Mucuri;201
60;807169989;ALGAR;QRC1315;Suzano Mucuri;201
61;807170446;VIVO;GEZ6G10;Eduardo Yuji Marubayashi;5
62;807169957;VIVO;KQL7158;Suzano Mucuri;201
63;807164811;ALGAR;QRE6G51;Suzano Mucuri;201
64;807164807;ALGAR;MTS9I20;Suzano Mucuri;201
65;807169951;ALGAR;MSX1262;Suzano Mucuri;201
66;807164823;ALGAR;RCR0C81;Suzano Mucuri;201
67;807164839;ALGAR;GZG2136;Suzano Mucuri;201
68;807169992;ALGAR;OVL6E11;Suzano Mucuri;201
69;807170445;ALGAR;MWO3986;Suzano Mucuri;201
70;807169965;ALGAR;SUZ0166;Vetorian;203
71;807164835;ALGAR;RQT7C97;Suzano Mucuri;201
72;807169959;ALGAR;ODR3C00;Suzano Mucuri;201
73;807164834;ALGAR;RQS0F97;Suzano Mucuri;201
74;807164805;ALGAR;HKM2636;Suzano Mucuri;201
75;807170452;ALGAR;ODH9F73;Suzano Mucuri;201
76;807164836;ALGAR;QTU8D51;Suzano Mucuri;201
77;807170444;ALGAR;MQV9H47;Suzano Mucuri;201
78;807169980;ALGAR;MTM6A45;Suzano Mucuri;201
79;807169964;ALGAR;OVF5535;Suzano Mucuri;201
80;807169969;ALGAR;OBF2H85;Suzano Mucuri;201
81;807164840;ALGAR;QRF3A93;Suzano Mucuri;201
82;807164832;ALGAR;MTG0148;Suzano Mucuri;201
83;807170451;ALGAR;MTH7H79;Suzano Mucuri;201
84;807164797;ALGAR;RBB4E22;Suzano Mucuri;201
85;807164822;ALGAR;MTA8381;Suzano Mucuri;201
86;807164812;ALGAR;ODB7444;Suzano Mucuri;201
87;807169990;ALGAR;RQP9H23;Suzano Mucuri;201
88;807164818;ALGAR;PPL8G79;Suzano Mucuri;201
89;807164795;ALGAR;OXQ1H39;Suzano Mucuri;201
90;807164829;ALGAR;PPA9E82;Suzano Mucuri;201
91;807169970;ALGAR;QPM7D46;Suzano Mucuri;201
92;807169958;ALGAR;ODF3676;Suzano Mucuri;201
93;807169986;ALGAR;MTR2406;Suzano Mucuri;201
94;807164794;ALGAR;AKG0E20;Suzano Mucuri;201
95;807169977;ALGAR;MTK2086;Suzano Mucuri;201
96;807164806;ALGAR;HEH6I38;Suzano Mucuri;201
97;807164828;ALGAR;EHH8D55;Suzano Mucuri;201
98;807164837;ALGAR;CVN9370;Suzano Mucuri;201
99;807164820;ALGAR;ODG1B58;Suzano Mucuri;201
100;807164826;ALGAR;ASR3H07;Suzano Mucuri;201
101;807169991;ALGAR;ODN7G31;Suzano Mucuri;201
102;807169944;ALGAR;ODH9F68;Suzano Mucuri;201
103;807169974;ALGAR;MSX8B01;Suzano Mucuri;201
104;807169978;ALGAR;MTG0B28;Suzano Mucuri;201
105;807169947;ALGAR;AZM1F81;Suzano Mucuri;201
106;807169987;ALGAR;ODB7F87;Suzano Mucuri;201
107;807169956;ALGAR;MSY3E48;Suzano Mucuri;201
108;807164817;ALGAR;AWC2H37;Suzano Mucuri;201
109;807164843;ALGAR;MSX8B05;Suzano Mucuri;201
110;807169975;ALGAR;MTT0E16;Suzano Mucuri;201
111;807169963;ALGAR;AWC2H23;Suzano Mucuri;201
112;807169945;ALGAR;CLH3H51;Suzano Mucuri;201
113;807164816;ALGAR;LOI8186;Suzano Mucuri;201
114;807170449;ALGAR;PPA5607;Suzano Mucuri;201
115;807169952;ALGAR;PPN5A72;Suzano Mucuri;201
116;807169960;ALGAR;MTA6H73;Suzano Mucuri;201
117;807169949;ALGAR;KQL7B56;Suzano Mucuri;201
118;807164819;ALGAR;ILW6F67;Suzano Mucuri;201
119;807164804;ALGAR;OYK5662;Suzano Mucuri;201
120;807169955;ALGAR;PPT4E89;Suzano Mucuri;201
121;807169981;ALGAR;OYD2H74;Suzano Mucuri;201
122;807164814;ALGAR;PPT7491;Suzano Mucuri;201
123;807169966;ALGAR;PPL6E77;Suzano Mucuri;201
124;807169973;ALGAR;PPT4D34;Suzano Mucuri;201
125;807164810;ALGAR;MTD4E18;Suzano Mucuri;201
126;807169985;ALGAR;MTK2116;Suzano Mucuri;201
127;807164808;ALGAR;MTQ0B49;Suzano Mucuri;201
128;807164825;ALGAR;MTN2297;Suzano Mucuri;201
129;807164815;ALGAR;MTQ0173;Suzano Mucuri;201
130;807169993;ALGAR;MTD4423;Suzano Mucuri;201
131;807164813;ALGAR;PPM8J08;Suzano Mucuri;201
132;807169948;ALGAR;MSZ6637;Suzano Mucuri;201
133;807164809;ALGAR;GWI0C97;Suzano Mucuri;201
134;807164833;ALGAR;MTW9G07;Suzano Mucuri;201
135;511850470;ALGAR;QBZ8E42;Suzano Mucuri;201
136;511850467;ALGAR;MTV4J16;Suzano Mucuri;201
137;511850976;ALGAR;MRG9939;Suzano Mucuri;201
138;511850921;ALGAR;ODF0B22;Suzano Mucuri;201
139;511850902;ALGAR;FNT1G21;Suzano Mucuri;201
140;511850909;ALGAR;MTY2J62;Suzano Mucuri;201
141;511849859;ALGAR;EHH8C93;Suzano Mucuri;201
142;511850778;ALGAR;MTN8H16;Suzano Mucuri;201
143;511850889;ALGAR;PPP3C70;Suzano Mucuri;201
144;511850975;ALGAR;MTQ6A52;Suzano Mucuri;201
145;511850363;ALGAR;GXH1B35;Suzano Mucuri;201
146;511850482;ALGAR;MTA6H80;Suzano Mucuri;201
147;511849883;ALGAR;PPN5B14;Suzano Mucuri;201
148;511850043;ALGAR;QRC1G94;Suzano Mucuri;201
149;511850362;;GZG2C46;Suzano Mucuri;201
150;511850943;ALGAR;MOT0805;Suzano Mucuri;201
151;511850965;ALGAR;CUD8716;Suzano Mucuri;201
152;511850231;ALGAR;MQC5731;Suzano Mucuri;201
153;511850858;ALGAR;ODL0B14;Suzano Mucuri;201
154;511850906;ALGAR;MTU3E64;Suzano Mucuri;201
155;511849874;ALGAR;MQV9327;Suzano Mucuri;201
156;511850956;ALGAR;KEF7F92;Suzano Mucuri;201
157;511850400;ALGAR;OVL7E72;Suzano Mucuri;201
158;511850359;ALGAR;MTB0B97;Suzano Mucuri;201
159;511850230;ALGAR;QAG7630;Suzano Mucuri;201
160;511850351;ALGAR;PPN5B72;Suzano Mucuri;201
161;511850054;ALGAR;GVQ9369;Suzano Mucuri;201
162;511850423;ALGAR;EHH8968;Suzano Mucuri;201
163;511850415;ALGAR;MTK1I46;Suzano Mucuri;201
164;511850840;ALGAR;MTK1I56;Suzano Mucuri;201
165;511850950;ALGAR;MTJ4I51;Suzano Mucuri;201
166;511850396;ALGAR;RBA2G51;Suzano Mucuri;201
167;511850782;ALGAR;MTQ0B44;Suzano Mucuri;201
168;511667746;ALGAR;IMP0005;Vetorian;203
169;511850952;ALGAR;CNR6E42;Suzano Mucuri;201
170;511850980;ALGAR;CUE9A26;Suzano Mucuri;201
171;511850918;ALGAR;MTB1D90;Suzano Mucuri;201
172;511850391;ALGAR;MTS9B60;Suzano Mucuri;201
173;511850356;ALGAR;OKU6E01;Suzano Mucuri;201
174;511850061;ALGAR;PPE7142;Suzano Mucuri;201
175;511850232;ALGAR;QRH8A50;Suzano Mucuri;201
176;511850431;ALGAR;RQT2H29;Suzano Mucuri;201
177;511850196;ALGAR;MTB1D86;Suzano Mucuri;201
178;511850187;ALGAR;PPK9J06;Suzano Mucuri;201
179;511667978;ALGAR;AIZ4G30;Suzano Mucuri;201
180;511850223;ALGAR;PPE7154;Suzano Mucuri;201
181;511850388;ALGAR;MIY2G90;Suzano Mucuri;201
182;511850465;ALGAR;KEL6E57;Suzano Mucuri;201
183;511850226;ALGAR;MRD2A01;Suzano Mucuri;201
184;511850777;ALGAR;MTK1I76;Suzano Mucuri;201
185;511850468;ALGAR;ODM4A03;Suzano Mucuri;201
186;511669433;ALGAR;MRN6F90;Suzano Mucuri;201
187;511774233;VIVO;GCB1E08;TAKAGAKI;206
188;511669410;ALGAR;CQL0189;DDC TELEFONES;5
189;511666604;ALGAR;IMP0003;Vetorian;203
190;511838147;;RUY9J66;Transportadora Translecchi LTDA;13
191;511838157;;RUY9J70;Transportadora Translecchi LTDA;13
192;511838159;;RUY7D18;Transportadora Translecchi LTDA;13
193;511838152;;RUU7H04;Transportadora Translecchi LTDA;13
194;511838156;;EST8156;Transportadora Translecchi LTDA;13
195;511838151;;EST8151;Transportadora Translecchi LTDA;13
196;511838134;;RUY7D21;Transportadora Translecchi LTDA;13
197;511838150;;EST8150;Transportadora Translecchi LTDA;13
198;511838142;;RUV4E16;Transportadora Translecchi LTDA;13
199;511838146;;EST8146;Transportadora Translecchi LTDA;13
200;511838144;;RUY1C32;Transportadora Translecchi LTDA;13
201;511838149;;RUY9J72;Transportadora Translecchi LTDA;13
202;511838154;;RUY1C29;Transportadora Translecchi LTDA;13
203;511838155;;RUY1C30;Transportadora Translecchi LTDA;13
204;511838158;;RUY1C31;Transportadora Translecchi LTDA;13
205;511838137;;RUU7H06;Transportadora Translecchi LTDA;13
206;511838148;;RUY9J67;Transportadora Translecchi LTDA;13
207;511838143;;RUU7H05;Transportadora Translecchi LTDA;13
208;511838145;;EST8145;Transportadora Translecchi LTDA;13
209;511838140;;EST8140;Transportadora Translecchi LTDA;13
210;511838136;;EST8136;Transportadora Translecchi LTDA;13
211;511838139;;EST8139;Transportadora Translecchi LTDA;13
212;511838141;;EST8141;Transportadora Translecchi LTDA;13
213;511838138;;EST8138;Transportadora Translecchi LTDA;13
214;511838153;;RUY9J64;Transportadora Translecchi LTDA;13
215;511838135;;EST8135;Transportadora Translecchi LTDA;13
216;511666669;VIVO;GDM4C12;William Oliveira;5
217;200165669;;FTV6C21s;Transportadora Translecchi LTDA;200
218;200165643;;FZG4G53s;Transportadora Translecchi LTDA;200
219;200165646;;FQZ9A43s;Transportadora Translecchi LTDA;200
220;200135208;;GCS8G25s;Transportadora Translecchi LTDA;200
221;200135206;;FCI9G71;Transportadora Translecchi LTDA;200
222;511666600;ALGAR;IMP0002;Vetorian;203
223;511666641;ALGAR;GCP5J03;Leandro Alexandre Pereira;5
224;511667769;ALGAR;IMP0001;Vetorian;203
225;511666820;VIVO;BAO5178;Thiago;5
226;200102062;;FUC2I57s;Transportadora Translecchi LTDA;200
227;200102048;;FQI0E95s;Transportadora Translecchi LTDA;200
228;511666617;VIVO;IMP0009;Vetorian;201
229;511692675;TIM;FQI0E95;Transportadora Translecchi LTDA;13
230;511692680;TIM;GCS8G25;Transportadora Translecchi LTDA;13
231;511692678;TIM;FTV6C21;Transportadora Translecchi LTDA;13
232;511692676;TIM;ELY9D17;Transportadora Translecchi LTDA;13
233;511692677;TIM;FZG4G53;Transportadora Translecchi LTDA;13
234;511692679;ALGAR;LOR0002;Vetorian;13
235;511692681;TIM;FQZ9A43;Transportadora Translecchi LTDA;13
236;200000001;VIVO;CELJAN;Vetorian;14
237;511477047;ALGAR;TES0004;Vetorian;204
238;200111248;;FVT7J33s;Transportadora Translecchi LTDA;200
239;200113274;;GEF8J57s;Transportadora Translecchi LTDA;200
240;200111257;;FXP5C62s;Transportadora Translecchi LTDA;200
241;200111259;;GBG6H35s;Transportadora Translecchi LTDA;200
242;200111283;;FYQ2B65s;Transportadora Translecchi LTDA;200
243;200113269;;FZD5B84s;Transportadora Translecchi LTDA;200
244;200180624;;FAU2J36;Transportadora Translecchi LTDA;200
245;200100049;;ELY9D17;Transportadora Translecchi LTDA;200
246;200180625;;EEK4D24;Transportadora Translecchi LTDA;200
247;200112514;;CQU2I48;Transportadora Translecchi LTDA;200
248;511460205;TIM;FCI9G71;Transportadora Translecchi LTDA;13
249;511460206;TIM;FUC2I57;Transportadora Translecchi LTDA;13
250;511460204;TIM;FZD5B84;Transportadora Translecchi LTDA;13
251;511460199;TIM;GEF8J57;Transportadora Translecchi LTDA;13
252;511460203;TIM;CQU2I48;Transportadora Translecchi LTDA;13
253;511460200;TIM;FVT7J33;Transportadora Translecchi LTDA;13
254;7580169;TIM;FAU2J36;Transportadora Translecchi LTDA;13
255;511099753;TIM;FXP5C62;Transportadora Translecchi LTDA;13
256;7580062;TIM;EEK4D24;Transportadora Translecchi LTDA;13
257;511460197;TIM;FYQ2B65;Transportadora Translecchi LTDA;13
258;511247166;VIVO;FCL6938;João Henrique Pires Correa;5
259;200154668;;FNN9074s;Transportadora Translecchi LTDA;200
260;200172854;;FMN6171s;Transportadora Translecchi LTDA;200
261;11;ALGAR;EMP0001;Vetorian;5
262;511612609;TIM;EST2609;Transportadora Translecchi LTDA;96
263;511627425;TIM;EGA6525;Transportadora Translecchi LTDA;96
264;511627277;TIM;GFM5I14;Transportadora Translecchi LTDA;96
265;511612613;TIM;GAM7E01;Transportadora Translecchi LTDA;96
266;511612622;TIM;FXQ5A36;Transportadora Translecchi LTDA;96
267;511612614;TIM;FNB9B66;Transportadora Translecchi LTDA;96
268;511612618;TIM;FSN4465;Transportadora Translecchi LTDA;96
269;511612631;TIM;FVS4C93;Transportadora Translecchi LTDA;96
270;511627426;TIM;GIA3H34;Transportadora Translecchi LTDA;96
271;511612627;TIM;EPA0E03;Transportadora Translecchi LTDA;96
272;511612617;TIM;FJM3I54;Transportadora Translecchi LTDA;96
273;511612623;TIM;GAJ2F38;Transportadora Translecchi LTDA;96
274;511612610;TIM;RFJ5C65;Transportadora Translecchi LTDA;96
275;511612629;TIM;CUM1C36;Transportadora Translecchi LTDA;96
276;511612611;;EST2611;Transportadora Translecchi LTDA;96
277;511612612;TIM;CKU8A75;Transportadora Translecchi LTDA;96
278;511612607;TIM;ENY9I93;Transportadora Translecchi LTDA;96
279;511627424;TIM;FOP0J63;Transportadora Translecchi LTDA;96
280;511627281;TIM;FVQ0D14;Transportadora Translecchi LTDA;96
281;511627280;TIM;GEC9D01;Transportadora Translecchi LTDA;96
282;511612620;TIM;BSZ0682;Transportadora Translecchi LTDA;96
283;511627278;TIM;GFA0C92;Transportadora Translecchi LTDA;96
284;511612616;TIM;EIJ5I15;Transportadora Translecchi LTDA;96
285;511627279;TIM;FTQ2410;Transportadora Translecchi LTDA;96
286;511612624;TIM;GHL3F44;Transportadora Translecchi LTDA;96
287;511612628;TIM;BVK3D93;Transportadora Translecchi LTDA;96
288;511612625;TIM;FYQ5J85;Transportadora Translecchi LTDA;96
289;511627423;TIM;GFM4C53;Transportadora Translecchi LTDA;96
290;511612619;TIM;GAV4I31;Transportadora Translecchi LTDA;96
291;511612608;TIM;BKB9A12;Transportadora Translecchi LTDA;96
292;511612630;TIM;GFP8I02;Transportadora Translecchi LTDA;96
293;511627422;TIM;GEE3E15;Transportadora Translecchi LTDA;96
294;511612626;TIM;FNX3H85;Transportadora Translecchi LTDA;96
295;511612621;TIM;FXR1D31;Transportadora Translecchi LTDA;96
296;511612615;TIM;FIL9D05;Transportadora Translecchi LTDA;96
297;200160438;MULTI;CAN9006;Transportadora Translecchi LTDA;200
298;200162530;3S4;CAN4697s;Transportadora Translecchi LTDA;200
299;200162605;3S3;FCX3652;Transportadora Translecchi LTDA;200
300;200103027;3S2;FHY8275s;Transportadora Translecchi LTDA;200
301;200164304;;FPW9186s;Transportadora Translecchi LTDA;200
302;200103044;;FVF4953s;Transportadora Translecchi LTDA;200
303;511243282;ALGAR;CAN0001;Vetorian;5
304;511477048;Vivo;TEC2553;RCA Requinte Transportes;96
305;8258024;TIM;GEZ3681;Transportadora Translecchi LTDA;1
306;8225092;TIM;FXV9119;Transportadora Translecchi LTDA;1
307;8507225;TIM;GFZ2858;Transportadora Translecchi LTDA;1
308;200153502;;GKE2E18s;Transportadora Translecchi LTDA;200
309;200153505;;GJH8A37s;Transportadora Translecchi LTDA;200
310;200104722;\N;GJH0D72s;Transportadora Translecchi LTDA;200
311;200140456;\N;GIT5H41s;Transportadora Translecchi LTDA;200
312;200155232;\N;GIH6606s;Transportadora Translecchi LTDA;200
313;200142032;\N;GHF9E56s;Transportadora Translecchi LTDA;200
314;200150829;\N;GDU4D11s;Transportadora Translecchi LTDA;200
315;200153513;\N;GDT9C68s;Transportadora Translecchi LTDA;200
316;200100314;;GCK5804s;Transportadora Translecchi LTDA;200
317;200110501;;GBU3H89s;Transportadora Translecchi LTDA;200
318;200103036;;FZV2803s;Transportadora Translecchi LTDA;200
319;200164321;;FZK1581s;Transportadora Translecchi LTDA;200
320;200153459;;FZH6G29s;Transportadora Translecchi LTDA;200
321;200162745;;FYX8877s;Transportadora Translecchi LTDA;200
322;200162216;;FYX8775s;Transportadora Translecchi LTDA;200
323;200165830;;FYU8484s;Transportadora Translecchi LTDA;200
324;200165812;;FYG7738s;Transportadora Translecchi LTDA;200
325;200162434;;FXU0098s;Transportadora Translecchi LTDA;200
326;200140848;;FXL8395s;Transportadora Translecchi LTDA;200
327;200171217;;FXB0204s;Transportadora Translecchi LTDA;200
328;200165821;;FWR6008s;Transportadora Translecchi LTDA;200
329;200165831;;FUU4535s;Transportadora Translecchi LTDA;200
330;200165815;;FTZ9707s;Transportadora Translecchi LTDA;200
331;200185032;;CAN1898s;Transportadora Translecchi LTDA;200
332;200162734;;FSN8555s;Transportadora Translecchi LTDA;200
333;200141556;;CAN9006s;Transportadora Translecchi LTDA;200
334;200150840;;FRX7E53s;Transportadora Translecchi LTDA;200
335;200155233;;FRW4A76s;Transportadora Translecchi LTDA;200
336;200161341;;FQK5554s;Transportadora Translecchi LTDA;200
337;200102738;;FOL2J64s;Transportadora Translecchi LTDA;200
338;200152851;;FMJ9953s;Transportadora Translecchi LTDA;200
339;200144244;;FJI9F32s;Transportadora Translecchi LTDA;200
340;200170343;;FJF8495s;Transportadora Translecchi LTDA;200
341;200153512;;FGS8B39;Transportadora Translecchi LTDA;200
342;20092155;;EZZ2449;Transportadora Translecchi LTDA;200
343;200183258;;EXR2H14;Transportadora Translecchi LTDA;200
344;200175540;;EVA0181;Transportadora Translecchi LTDA;200
345;200145527;;EUJ6269;Transportadora Translecchi LTDA;200
346;200161955;;ESA2554;Transportadora Translecchi LTDA;200
347;200112405;;EQU1197;Transportadora Translecchi LTDA;200
348;200115845;;EQQ2420;Transportadora Translecchi LTDA;200
349;200121226;;EQO8513;Transportadora Translecchi LTDA;200
350;200173046;;ENZ9981;Transportadora Translecchi LTDA;200
351;200145803;;ENU2816;Transportadora Translecchi LTDA;3
352;200162757;;ELV9372;Transportadora Translecchi LTDA;200
353;200161953;;EKM9873;Transportadora Translecchi LTDA;200
354;200172431;;EJR5770;Transportadora Translecchi LTDA;200
355;200172165;;EGY1838;Transportadora Translecchi LTDA;200
356;200120654;;EGR8684;Transportadora Translecchi LTDA;200
357;200112923;;EGB3457;Transportadora Translecchi LTDA;200
358;200161947;;EEE4618;Transportadora Translecchi LTDA;200
359;200102205;;ECT2365;Transportadora Translecchi LTDA;200
360;200144241;;EBB4B49;Transportadora Translecchi LTDA;200
361;200160649;;DKU3146;Transportadora Translecchi LTDA;200
362;200161954;;DKR8842;Transportadora Translecchi LTDA;200
363;200161948;;DJM8257;Transportadora Translecchi LTDA;200
364;200170345;;CSV4831;Transportadora Translecchi LTDA;200
365;200151120;;CSF9H46;Transportadora Translecchi LTDA;200
366;200161951;;BYP2471;Transportadora Translecchi LTDA;200
367;200162340;;BVT3795;Transportadora Translecchi LTDA;200
368;200130905;;AXF4811;Transportadora Translecchi LTDA;200
369;511337139;;FTX7724;Transportadora Translecchi LTDA;5
370;511337212;TIM;FCY7655;Transportadora Translecchi LTDA;5
371;511337119;TIM;GIB4173;Transportadora Translecchi LTDA;5
372;511337053;TIM;FOB9241;Transportadora Translecchi LTDA;5
373;511243283;;ZZZ0000;Marcio;5
374;511335890;TIM;FDG9G37;Transportadora Translecchi LTDA;5
375;511337097;TIM;ESP7F76;Transportadora Translecchi LTDA;5
376;511336801;TIM;FNR9D36;Transportadora Translecchi LTDA;5
377;511336624;TIM;EWJ3J75;Transportadora Translecchi LTDA;5
378;511335513;TIM;EST5513;Transportadora Translecchi LTDA;5
379;511335533;TIM;GDY2J42;Transportadora Translecchi LTDA;5
380;511335508;TIM;GES6B14;Transportadora Translecchi LTDA;5
381;511335956;TIM;GAQ4G07;Transportadora Translecchi LTDA;5
382;511336899;TIM;GGF2H13;Transportadora Translecchi LTDA;5
383;511337089;TIM;FPX0877;Transportadora Translecchi LTDA;5
384;511335659;TIM;GIE0D73;Transportadora Translecchi LTDA;5
385;511247101;ALGAR;TEST188;Vetorian;201
386;511243573;ALGAR;OBS0001;Vetorian;5
387;511244454;Vivo;VET0000;Vetorian;5
388;511048612;TIM;LOR0001;Vetorian;13
389;511247099;Algar;TES0182;Vetorian;201
390;8225129;TIM;ECM9I55;Transportadora Translecchi LTDA;1
391;8225111;;CAN5111;Transportadora Translecchi LTDA;1
392;8256670;TIM;FRM8669;Transportadora Translecchi LTDA;1
393;511291054;TIM;EST1054;Transportadora Translecchi LTDA;12
394;511139441;TIM;BJW7A06;Transportadora Translecchi LTDA;5
395;511139404;TIM;FRZ9E51;Transportadora Translecchi LTDA;5
396;511139436;TIM;FSF0I51;Transportadora Translecchi LTDA;5
397;511139433;TIM;FRW4A76;Transportadora Translecchi LTDA;5
398;511139449;TIM;FZM8D28;Transportadora Translecchi LTDA;5
399;511139434;TIM;GBK6D59;Transportadora Translecchi LTDA;5
400;511139437;TIM;GDK5D46;Transportadora Translecchi LTDA;5
401;511139435;TIM;FZI6H18;Transportadora Translecchi LTDA;5
402;7484904;TIM;GJM9785;Transportadora Translecchi LTDA;5
403;511139448;TIM;GIY1343;Transportadora Translecchi LTDA;5
404;7463869;VIVO;FAH6577;Vetorian;5
405;7485216;VIVO;EKB4I97;Caio Watanabe;5
406;511139442;TIM;FWZ4I58;Transportadora Translecchi LTDA;5
407;511139443;TIM;GIT5H41;Transportadora Translecchi LTDA;5
408;511139432;TIM;GHF9E56;Transportadora Translecchi LTDA;5
409;511139444;TIM;CUJ7D86;Transportadora Translecchi LTDA;5
410;511139439;TIM;FIM5J08;Transportadora Translecchi LTDA;5
411;511139447;TIM;GJH0D72;Transportadora Translecchi LTDA;5
412;511139445;TIM;DGY4B79;Transportadora Translecchi LTDA;5
413;511139451;TIM;GDT9C68;Transportadora Translecchi LTDA;5
414;511139440;TIM;GJH8A37;Transportadora Translecchi LTDA;5
415;511139446;TIM;FGS8B39;Transportadora Translecchi LTDA;5
416;511139450;TIM;FZH6G29;Transportadora Translecchi LTDA;5
417;511139438;;GBU3H89;Transportadora Translecchi LTDA;5
418;7496217;TIM;GJJ9280;Transportadora Translecchi LTDA;5
419;907383522;TIM;FRV6F06;Transportadora Translecchi LTDA;12
420;907383524;TIM;GEM9017;Transportadora Translecchi LTDA;12
421;907383571;TIM;DUC0871;Transportadora Translecchi LTDA;12
422;907383557;TIM;EVX3776;Transportadora Translecchi LTDA;12
423;907383528;TIM;EXN0H62;Transportadora Translecchi LTDA;12
424;907217868;TIM;BYP2471;Transportadora Translecchi LTDA;12
425;907383532;;CAN3532;Transportadora Translecchi LTDA;12
426;907383569;TIM;EVL8562;Transportadora Translecchi LTDA;12
427;907383553;TIM;FBW1683;Transportadora Translecchi LTDA;12
428;907383549;TIM;FFS5292;Transportadora Translecchi LTDA;12
429;907383543;TIM;EBB4B49;Transportadora Translecchi LTDA;12
430;907383541;TIM;EQQ2420;Transportadora Translecchi LTDA;12
431;907383563;TIM;EVV4499;Transportadora Translecchi LTDA;12
432;907383559;TIM;FAT9H64;Transportadora Translecchi LTDA;12
433;907383530;TIM;EVA0181;Transportadora Translecchi LTDA;12
434;907383542;TIM;EZT4842;Transportadora Translecchi LTDA;12
435;907383560;TIM;ECM6783;Transportadora Translecchi LTDA;12
436;907383525;TIM;FMP7334;Transportadora Translecchi LTDA;12
437;907383529;TIM;FRX7E53;Transportadora Translecchi LTDA;12
438;907383527;TIM;FJF8495;Transportadora Translecchi LTDA;12
439;907383551;TIM;ENG0375;Transportadora Translecchi LTDA;12
440;907383550;TIM;EKM9873;Transportadora Translecchi LTDA;12
441;907383561;TIM;ECM9211;Transportadora Translecchi LTDA;12
442;907383544;TIM;EFV5422;Transportadora Translecchi LTDA;12
443;907383548;TIM;EJO5901;Transportadora Translecchi LTDA;3
444;907383703;TIM;GBW467;Transportadora Translecchi LTDA;12
445;907384189;TIM;GCR3875;Transportadora Translecchi LTDA;12
446;907384213;TIM;FPE5345;Transportadora Translecchi LTDA;12
447;907383700;TIM;FUZ7897;Transportadora Translecchi LTDA;12
448;907384201;;ESA2554;Transportadora Translecchi LTDA;12
449;907385069;TIM;DQG0534;Transportadora Translecchi LTDA;12
450;907384205;TIM;FMJ9953;Transportadora Translecchi LTDA;12
451;907383545;TIM;FVN1713;Transportadora Translecchi LTDA;12
452;341357;;CANCELAR;CANCELADO;1
453;907383570;TIM;FZY0624;Transportadora Translecchi LTDA;12
454;907383531;TIM;GIH6606;Transportadora Translecchi LTDA;12
455;907383554;TIM;EZZ2449;Transportadora Translecchi LTDA;12
456;907383546;TIM;FXI9423;Transportadora Translecchi LTDA;12
457;907383552;TIM;DUA8444;Transportadora Translecchi LTDA;12
458;907383540;TIM;FNH8011;Transportadora Translecchi LTDA;12
459;907383566;TIM;FBV1775;Transportadora Translecchi LTDA;12
460;907383535;TIM;FOB8532;Transportadora Translecchi LTDA;12
461;907383547;TIM;DCU8983;Transportadora Translecchi LTDA;12
462;907383562;TIM;ELI7794;Transportadora Translecchi LTDA;12
463;907383555;TIM;BKK5671;Transportadora Translecchi LTDA;12
464;907383536;TIM;ELV9372;Transportadora Translecchi LTDA;12
465;907383556;TIM;EUJ6269;Transportadora Translecchi LTDA;12
466;907383564;TIM;BYY6401;Transportadora Translecchi LTDA;12
467;907383537;TIM;FVD5433;Transportadora Translecchi LTDA;12
468;907383539;TIM;EQO8513;Transportadora Translecchi LTDA;12
469;907383558;TIM;ERK4032;Transportadora Translecchi LTDA;12
470;907383568;TIM;DUA6904;Transportadora Translecchi LTDA;12
471;7504832;TIM;FJB6107;Transportadora Translecchi LTDA;5
472;7504830;TIM;EBT7590;Transportadora Translecchi LTDA;5
473;907378603;TIM;CSV4831;Transportadora Translecchi LTDA;12
474;907378585;TIM;EGB3457;Transportadora Translecchi LTDA;12
475;907378596;TIM;ENU2816;Transportadora Translecchi LTDA;12
476;907378614;TIM;BVT3795;Transportadora Translecchi LTDA;12
477;907378609;TIM;EJR5770;Transportadora Translecchi LTDA;12
478;907378612;TIM;EGR8684;Transportadora Translecchi LTDA;12
479;907378598;TIM;EQU1197;Transportadora Translecchi LTDA;12
480;907378591;TIM;FJI9F32;Transportadora Translecchi LTDA;12
481;907378584;TIM;EGY1838;Transportadora Translecchi LTDA;12
482;907378583;TIM;ECT2365;Transportadora Translecchi LTDA;12
483;907378610;TIM;FOL1788;Transportadora Translecchi LTDA;12
484;907378615;TIM;FOL2J64;Transportadora Translecchi LTDA;12
485;907378597;TIM;NET0001;Transportadora Translecchi LTDA;12
486;907378616;TIM;EXR2H14;Transportadora Translecchi LTDA;12
487;907378608;TIM;GJZ8646;Transportadora Translecchi LTDA;12
488;907378587;TIM;EXL6858;Transportadora Translecchi LTDA;12
489;907378619;TIM;DKU3146;Transportadora Translecchi LTDA;12
490;907378617;TIM;EIJ7871;Transportadora Translecchi LTDA;12
491;907378613;TIM;BYX7058;Transportadora Translecchi LTDA;12
492;907378595;TIM;CNT0309;Transportadora Translecchi LTDA;12
493;907378600;TIM;EEE4618;Transportadora Translecchi LTDA;12
494;907378602;TIM;GJL5984;Transportadora Translecchi LTDA;12
495;907378588;TIM;GDU4D11;Transportadora Translecchi LTDA;12
496;907378611;TIM;DJM8257;Transportadora Translecchi LTDA;12
497;7504829;TIM;GKE2E18;Transportadora Translecchi LTDA;5
498;7504257;TIM;FZV2803;Transportadora Translecchi LTDA;5
499;7503795;TIM;IXJ8231;Transportadora Translecchi LTDA;5
500;7505608;TIM;FZM8B96;Transportadora Translecchi LTDA;5
501;7488604;TIM;FQK7E56;Transportadora Translecchi LTDA;5
502;7465028;TIM;FPV8H31;Transportadora Translecchi LTDA;5
503;7462992;TIM;EWJ5897;Transportadora Translecchi LTDA;5
504;7464931;TIM;FJX3293;Transportadora Translecchi LTDA;5
505;7465024;TIM;DSI5819;Transportadora Translecchi LTDA;5
506;7463672;TIM;FZH1946;Transportadora Translecchi LTDA;5
507;7432383;TIM;FDC6761;Transportadora Translecchi LTDA;5
508;7242427;TIM;FVG4H25;Transportadora Translecchi LTDA;5
509;7242921;TIM;EEE6J76;Transportadora Translecchi LTDA;5
510;7246043;TIM;FQK5554;Transportadora Translecchi LTDA;5
511;7246486;TIM;FXP7G03;Transportadora Translecchi LTDA;5
512;7245524;TIM;GFJ1C77;Transportadora Translecchi LTDA;5
513;7244587;TIM;EST4587;Transportadora Translecchi LTDA;5
514;7245528;TIM;FKP7F12;Transportadora Translecchi LTDA;5
515;7245211;TIM;DYE8194;Transportadora Translecchi LTDA;5
516;7464817;TIM;GFR6E85;Transportadora Translecchi LTDA;5
517;7464795;TIM;ENG4460;Transportadora Translecchi LTDA;5
518;7463009;TIM;EXL6865;Transportadora Translecchi LTDA;5
519;7432388;TIM;ECM9492;Transportadora Translecchi LTDA;5
520;8509548;;CAN9548;Transportadora Translecchi LTDA;1
521;8509597;TIM;CAN9597;Transportadora Translecchi LTDA;1
522;8509421;TIM;FZK1581;Transportadora Translecchi LTDA;1
523;8509423;TIM;CAN9423;Transportadora Translecchi LTDA;1
524;8509128;TIM;IXJ8831;Transportadora Translecchi LTDA;1
525;8509442;TIM;FXL8395;Transportadora Translecchi LTDA;1
526;8509376;TIM;FNZ0215;Transportadora Translecchi LTDA;1
527;8509305;TIM;FLJ4G81;Transportadora Translecchi LTDA;1
528;8509120;TIM;FGB2912;Transportadora Translecchi LTDA;1
529;8509822;;CAN9822;Transportadora Translecchi LTDA;11
530;8509420;TIM;EST9420;Transportadora Translecchi LTDA;1
531;8509437;TIM;FHY6357;Transportadora Translecchi LTDA;5
532;8509422;;CAN9422;Transportadora Translecchi LTDA;1
533;8509392;TIM;GGJ2E58;Transportadora Translecchi LTDA;1
534;7496247;TIM;EFO5964;Transportadora Translecchi LTDA;5
535;907378621;TIM;FQP5889;Transportadora Translecchi LTDA;12
536;7464804;TIM;EJE9410;Transportadora Translecchi LTDA;5
537;7465032;TIM;EXO9238;Transportadora Translecchi LTDA;5
538;8509655;TIM;FTZ9707;Transportadora Translecchi LTDA;1
539;8507019;TIM;CAN7019;Transportadora Translecchi LTDA;1
540;8509431;TIM;CAN9431;Transportadora Translecchi LTDA;1
541;8509657;TIM;CAN1898;Transportadora Translecchi LTDA;1
542;7484530;TIM;OWQ6783;Transportadora Translecchi LTDA;5
543;778124;TIM;EFO7505;Transportadora Translecchi LTDA;1
544;369285;TIM;GCR0778;Transportadora Translecchi LTDA;1
545;8277042;;CAN7042;Transportadora Translecchi LTDA;1
546;8355461;TIM;FXU0098;Transportadora Translecchi LTDA;1
547;8427793;TIM;ECM9497;Transportadora Translecchi LTDA;1
548;340127;TIM;FSZ0801;Transportadora Translecchi LTDA;1
549;8277046;TIM;CAN7046;Transportadora Translecchi LTDA;1
550;8355322;;CAN5322;Transportadora Translecchi LTDA;1
551;8225127;;CAN5127;Transportadora Translecchi LTDA;1
552;8277053;TIM;FNN9074;Transportadora Translecchi LTDA;1
553;907378607;;CAN8607;Transportadora Translecchi LTDA;12
554;907378590;TIM;FWM1872;Transportadora Translecchi LTDA;12
555;8414048;;CAN4048;Transportadora Translecchi LTDA;1
556;8241275;;FSN8555;Transportadora Translecchi LTDA;1
557;366676;TIM;FQC4440;Transportadora Translecchi LTDA;1
558;123154;TIM;EFO7449;Transportadora Translecchi LTDA;3
559;70680;TIM;FVG4405;Transportadora Translecchi LTDA;1
560;64074;TIM;FYX8775;Transportadora Translecchi LTDA;1
561;907378618;TIM;GCK5804;Transportadora Translecchi LTDA;12
562;7463823;TIM;OWP6083;Transportadora Translecchi LTDA;5
563;7478193;TIM;FJP7748;Transportadora Translecchi LTDA;5
564;907378605;TIM;FTE7824;Transportadora Translecchi LTDA;6
565;7504254;TIM;TRATOR;Transportadora Translecchi LTDA;5
566;338698;TIM;FTJ9965;Transportadora Translecchi LTDA;1
567;777360;TIM;KQK2548;Transportadora Translecchi LTDA;1
568;8509513;TIM;FLZ5477;Transportadora Translecchi LTDA;1
569;907378620;TIM;CSF9H46;Transportadora Translecchi LTDA;12
570;7495211;TIM;FCP1C72;Transportadora Translecchi LTDA;5
571;339994;;CANCELAR;CANCELADO;1
572;907378606;TIM;DKR8842;Transportadora Translecchi LTDA;12
573;7475805;TIM;ECO2519;Transportadora Translecchi LTDA;5
574;777378;TIM;FUU4535;Transportadora Translecchi LTDA;1
575;8415846;;CAN5846;Transportadora Translecchi LTDA;1
576;341307;TIM;EFO7454;Transportadora Translecchi LTDA;1
577;64080;;FZJ1999;Transportadora Translecchi LTDA;1
578;8354428;;FXE9737;Transportadora Translecchi LTDA;1
579;8355384;TIM;FQN1422;Transportadora Translecchi LTDA;1
580;775570;TIM;FQY3844;Transportadora Translecchi LTDA;1
581;8351726;TIM;FYU8484;Transportadora Translecchi LTDA;3
582;8225124;;CAN5124;Transportadora Translecchi LTDA;1
583;8353829;TIM;FWR6008;Transportadora Translecchi LTDA;1
584;8428130;;FYX8877;Transportadora Translecchi LTDA;1
585;8416458;TIM;FCX3652;Transportadora Translecchi LTDA;1
586;8355489;TIM;FYG7738;Transportadora Translecchi LTDA;1
587;7485062;TIM;CAN5062;Transportadora Translecchi LTDA;5
588;8223681;TIM;FYC8707;Transportadora Translecchi LTDA;1
589;907378601;TIM;EJI3617;Transportadora Translecchi LTDA;12
590;8428247;TIM;EST8247;Transportadora Translecchi LTDA;1
591;8277098;;CAN7098;Transportadora Translecchi LTDA;1
592;7464775;TIM;EYY9434;Transportadora Translecchi LTDA;5
593;8353766;TIM;FXB0204;Transportadora Translecchi LTDA;1
594;8428124;TIM;FPW9186;Transportadora Translecchi LTDA;1
595;7485141;TIM;ELN0891;Transportadora Translecchi LTDA;5
596;8425472;TIM;FMN6171;Transportadora Translecchi LTDA;1
597;8414134;TIM;FVF4953;Transportadora Translecchi LTDA;1
598;7485097;TIM;GBG6H35;Transportadora Translecchi LTDA;5
599;369288;TIM;AXF4811;Transportadora Translecchi LTDA;9
600;7432370;TIM;DDD7310;Transportadora Translecchi LTDA;5
601;8277115;TIM;FRO6609;Transportadora Translecchi LTDA;1
602;907378589;TIM;ENZ9981;Transportadora Translecchi LTDA;12
603;7475807;TIM;EEM2079;Transportadora Translecchi LTDA;5
604;8509599;TIM;FOZ2043;Transportadora Translecchi LTDA;1
605;907378592;TIM;FED5905;Transportadora Translecchi LTDA;12
606;7462993;TIM;ELE2477;Transportadora Translecchi LTDA;5
607;8414881;;CAN4881;Transportadora Translecchi LTDA;1
608;7488599;ALGAR;EZZ0F71;Sequencial Transportes;5
609;7486023;TIM;GHV2380;Transportadora Translecchi LTDA;5
610;7489006;TIM;FCN9586;Transportadora Translecchi LTDA;5
611;7496234;TIM;EST6234;Transportadora Translecchi LTDA;5
612;7485212;TIM;FNN0622;Transportadora Translecchi LTDA;5
613;7488605;TIM;GFB6702;Transportadora Translecchi LTDA;5
614;7486011;TIM;FZV7238;Transportadora Translecchi LTDA;5
615;7488618;TIM;FYY8667;Transportadora Translecchi LTDA;5
616;7484582;TIM;FNW8986;Transportadora Translecchi LTDA;5
617;7492190;TIM;FXU3791;Transportadora Translecchi LTDA;5
618;7245833;VIVO;GHP6335;Luis Claudio Gomes;5
619;7246447;TIM;EEM8819;Transportadora Translecchi LTDA;5
620;7246450;TIM;ENM8911;Transportadora Translecchi LTDA;5
621;7245518;TIM;DPX9251;Transportadora Translecchi LTDA;5
622;7243523;TIM;EVO3414;Transportadora Translecchi LTDA;5
623;7245209;CLARO;TEST183;Vetorian;201
624;7245813;Vivo;GGE6D33;Sequencial Transportes;5
625;7244110;CLARO;APR5728;Marcio;5
626;7245796;CLARO;ESS2B97;Sequencial Transportes;5
627;7244105;CLARO;PUF2430;Soludimper;5
628;7105406;CLARO;EZU4468;Transporte Rodoviario Rodomuni Ltda - Me;5
629;7104702;;MAN0000;CANCELADO;5
630;7105431;CLARO;DWC9592;Transporte Rodoviario Rodomuni Ltda - Me;5
631;7106045;CLARO;EFO0978;Transporte Rodoviario Rodomuni Ltda - Me;5
632;7102105;CLARO;DBC2834;Transporte Rodoviario Rodomuni Ltda - Me;5
633;7106073;CLARO;FHN9838;Alternativa;5
634;7105423;CLARO;MQC9614;Transporte Rodoviario Rodomuni Ltda - Me;5
635;7101923;CLARO;DQN3266;Alternativa;5
636;7108103;CLARO;EGA2656;Alternativa;5
637;8621192;CLARO;QNQ3429;Unidas;8
638;8621269;TIM;EAS8359;Jan Pauka ME;8
639;8621171;CLARO;QNP8060;Unidas;8
640;8503655;TIM;RSV0000;VogelTelecom;1
